side length,dumb,smart,eff
1,295,249,0.155932203
2,578,472,0.183391003
4,1177,911,0.225998301
8,2386,1755,0.264459346
16,4809,3424,0.288001664
32,9616,6731,0.300020799
64,19204,13280,0.308477401
128,38401,26291,0.315356371
256,76793,52037,0.322373133
512,153481,103792,0.323746913
1024,307268,206817,0.326916568
2048,614811,412315,0.329363007
4096,1229494,823000,0.330618938
8192,2458255,1644082,0.33119957
16384,4917534,3283694,0.33224783